{"cameraMode":{"drawMode":0,"name":"Shaded","section":"Shading Mode"},"sceneLighting":true,"audioPlay":false,"sceneViewState":{"showFog":true,"showMaterialUpdate":false,"showSkybox":true,"showFlares":true,"showImageEffects":true,"showParticleSystems":true},"in2DMode":false,"pivot":{"x":-3.849513292312622,"y":-0.6875,"z":2.5283203125},"rotation":{"x":-0.7024329900741577,"y":-0.0006426260224543512,"z":0.0006339999963529408,"w":-0.7117507457733154},"size":100.15737915039063,"orthographic":true}