{"cameraMode":{"drawMode":0,"name":"Shaded","section":"Shading Mode"},"sceneLighting":true,"audioPlay":false,"sceneViewState":{"showFog":true,"showMaterialUpdate":false,"showSkybox":true,"showFlares":true,"showImageEffects":true,"showParticleSystems":true},"in2DMode":false,"pivot":{"x":-1.0602426528930665,"y":0.00000762939453125,"z":-0.0032950639724731447},"rotation":{"x":-0.7024329900741577,"y":-0.0006426260224543512,"z":0.0006339999963529408,"w":-0.7117507457733154},"size":77.73884582519531,"orthographic":false}